"{"AAo", 0.8520483840034079, 1.7040967680068158}","{"AAo", 0.7343505889603023, 2.2030517668809066}","{"AAo", 0.6383202772045026, 2.5532811088180103}","{"AAo", 0.558690565370835, 2.7934528268541747}","{"AAo", 0.49189764959276644, 2.9513858975565985}","{"AAo", 0.43539355719760187, 3.047754900383213}","{"AAo", 0.38726142227492893, 3.0980913781994315}","{"AAo", 0.34610862183928603, 3.114977596553574}","{"AAo", 0.31081365003471806, 3.1081365003471806}"
"{"KKo", 0.823975874858727, 1.647951749717454}","{"KKo", 0.68868625989697, 2.06605877969091}","{"KKo", 0.582412527045757, 2.329650108183028}","{"KKo", 0.4977384519389838, 2.4886922596949193}","{"KKo", 0.42958773088583024, 2.5775263853149815}","{"KKo", 0.3742377820729028, 2.6196644745103197}","{"KKo", 0.3289779669623636, 2.6318237356989087}","{"KKo", 0.2917043225387906, 2.625338902849115}","{"KKo", 0.2608678027597123, 2.6086780275971226}"
"{"QQo", 0.7992546848519375, 1.598509369703875}","{"QQo", 0.6492951168853888, 1.9478853506561662}","{"QQo", 0.5351376702637094, 2.1405506810548376}","{"QQo", 0.44722015114206026, 2.2361007557103014}","{"QQo", 0.37884218347713744, 2.2730531008628247}","{"QQo", 0.3252674666135003, 2.276872266294502}","{"QQo", 0.2829506271042343, 2.2636050168338744}","{"QQo", 0.2492784722177956, 2.24350624996016}","{"QQo", 0.22229981375627658, 2.2229981375627657}"
"{"JJo", 0.7747303195153248, 1.5494606390306496}","{"JJo", 0.6116967346479271, 1.835090203943781}","{"JJo", 0.49176751421272724, 1.967070056850909}","{"JJo", 0.40259794917391006, 2.0129897458695503}","{"JJo", 0.3357192219193507, 2.014315331516104}","{"JJo", 0.2850589619506853, 1.995412733654797}","{"AKs", 0.24957351919521792, 1.9965881535617434}","{"AKs", 0.2265519891794856, 2.0389679026153704}","{"AKs", 0.2069047796924169, 2.069047796924169}"
"{"TTo", 0.7501530334985076, 1.5003060669970152}","{"TTo", 0.5757585699583946, 1.7272757098751836}","{"TTo", 0.4520759291627223, 1.8083037166508893}","{"TTo", 0.3633935592151108, 1.816967796075554}","{"AKs", 0.3106859987755318, 1.864115992653191}","{"AKs", 0.2769919708186736, 1.9389437957307152}","{"JJo", 0.2463644297844223, 1.9709154382753784}","{"JJo", 0.2165289058414574, 1.9487601525731166}","{"JJo", 0.1932724665807367, 1.9327246658073671}"
"{"99o", 0.7205708788349765, 1.441141757669953}","{"99o", 0.5360003277711665, 1.6080009833134994}","{"AKs", 0.41430792546901735, 1.6572317018760694}","{"AKs", 0.35406711917653333, 1.7703355958826665}","{"TTo", 0.2991924725984691, 1.7951548355908145}","{"AQs", 0.25971670136802355, 1.818016909576165}","{"AQs", 0.23295982381199837, 1.863678590495987}","{"AQs", 0.21092648918835732, 1.898338402695216}","{"AQs", 0.19244466786866027, 1.9244466786866026}"
"{"88o", 0.6916417939029021, 1.3832835878058043}","{"AKs", 0.5072296130387938, 1.5216888391163814}","{"99o", 0.4113878625131553, 1.6455514500526212}","{"AQs", 0.3369341548317088, 1.684670774158544}","{"AQs", 0.29312863944116824, 1.7587718366470093}","{"TTo", 0.2522087254770495, 1.7654610783393463}","{"KQs", 0.22555590104987894, 1.8044472083990315}","{"KQs", 0.20418755225714275, 1.8376879703142848}","{"KQs", 0.18628877958916013, 1.8628877958916013}"
"{"AKs", 0.6704687018642083, 1.3409374037284165}","{"88o", 0.4995194501627741, 1.4985583504883224}","{"AQs", 0.39853232539268124, 1.594129301570725}","{"99o", 0.325861300626868, 1.6293065031343401}","{"KQs", 0.28343987063790593, 1.7006392238274355}","{"KQs", 0.2514021621230166, 1.7598151348611162}","{"AJs", 0.2200670713534203, 1.7605365708273624}","{"AJs", 0.1990367498052099, 1.7913307482468892}","{"AJs", 0.18162214229184603, 1.8162214229184603}"
"{"77o", 0.6623690944048185, 1.324738188809637}","{"AQs", 0.4941983851312164, 1.4825951553936492}","{"KAo", 0.3854118269090554, 1.5416473076362216}","{"KQs", 0.32475245570327455, 1.6237622785163728}","{"AJs", 0.2787736737024857, 1.672642042214914}","{"AJs", 0.24593898076133755, 1.721572865329363}","{"TTo", 0.2174368225877164, 1.7394945807017312}","{"KJs", 0.1931178929351836, 1.7380610364166524}","{"KJs", 0.17636744555073597, 1.7636744555073598}"
"{"AQs", 0.6621371402156232, 1.3242742804312464}","{"KAo", 0.48213535895196125, 1.4464060768558837}","{"AJs", 0.3845601644852621, 1.5382406579410484}","{"KAo", 0.3231209060546049, 1.6156045302730246}","{"KAo", 0.27847306136804123, 1.6708383682082473}","{"KAo", 0.24390213320603443, 1.707314932442241}","{"KAo", 0.21578620229432768, 1.7262896183546215}","{"KAo", 0.1922246995335905, 1.7300222958023146}","{"ATs", 0.17349892720371093, 1.7349892720371094}"
"{"AJs", 0.653923551284588, 1.307847102569176}","{"AJs", 0.4819892082738355, 1.4459676248215065}","{"KQs", 0.3819806429652787, 1.527922571861115}","{"AJs", 0.3224106282395353, 1.6120531411976766}","{"KJs", 0.26954486869927163, 1.6172692121956298}","{"KJs", 0.23823266446270766, 1.6676286512389535}","{"KJs", 0.21335644470435552, 1.7068515576348442}","{"TTo", 0.19135713268673854, 1.7222141941806468}","{"QJs", 0.17223348680010717, 1.7223348680010717}"
"{"KAo", 0.6532167277664621, 1.3064334555329242}","{"KQs", 0.47088781646806327, 1.4126634494041899}","{"88o", 0.37589863741850277, 1.503594549674011}","{"KJs", 0.31056752543982474, 1.5528376271991238}","{"ATs", 0.26699949794513417, 1.601996987670805}","{"ATs", 0.23498346753688926, 1.6448842727582247}","{"ATs", 0.21004513530951974, 1.680361082476158}","{"ATs", 0.18997824513245848, 1.7098042061921264}","{"KAo", 0.17211666663573819, 1.721166666357382}"
"{"ATs", 0.6460142706585402, 1.2920285413170804}","{"ATs", 0.470655691434964, 1.411967074304892}","{"ATs", 0.3721469158073116, 1.4885876632292463}","{"ATs", 0.3100305977200614, 1.5501529886003071}","{"99o", 0.26634012813381724, 1.5980407688029035}","{"QJs", 0.2319475089202916, 1.6236325624420411}","{"QJs", 0.20782046494913292, 1.6625637195930634}","{"QJs", 0.188285863152997, 1.6945727683769731}","{"TTo", 0.17151334262591306, 1.7151334262591305}"
"{"QAo", 0.6443221226715701, 1.2886442453431401}","{"QAo", 0.46811243315095113, 1.4043372994528533}","{"QAo", 0.3683753537426, 1.4735014149704}","{"QAo", 0.30447954228363, 1.52239771141815}","{"QJs", 0.2623325315128897, 1.5739951890773383}","{"KTs", 0.2278545374917511, 1.5949817624422578}","{"KTs", 0.2039866912802649, 1.6318935302421191}","{"KTs", 0.18476049176328158, 1.662844425869534}","{"KTs", 0.16900442124777798, 1.6900442124777797}"
"{"JAo", 0.6356568984908629, 1.2713137969817259}","{"77o", 0.4647329082588046, 1.3941987247764138}","{"KJs", 0.3682300456009627, 1.4729201824038507}","{"QJs", 0.3018936900630986, 1.509468450315493}","{"QAo", 0.2591918588465344, 1.5551511530792064}","{"QAo", 0.22469388921637526, 1.5728572245146268}","{"QTs", 0.19908285077366203, 1.5926628061892962}","{"QTs", 0.1806277199940319, 1.625649479946287}","{"QTs", 0.16560750196168436, 1.6560750196168437}"
"{"KQs", 0.6340045845996678, 1.2680091691993356}","{"KJs", 0.45878757584975266, 1.376362727549258}","{"QJs", 0.3566644903512136, 1.4266579614048545}","{"KTs", 0.2987313338988787, 1.4936566694943934}","{"KTs", 0.25828169130723255, 1.5496901478433953}","{"99o", 0.22427369463534114, 1.569915862447388}","{"JTs", 0.19768614691402442, 1.5814891753121953}","{"JTs", 0.17991530847898604, 1.6192377763108743}","{"JTs", 0.1655291866007024, 1.655291866007024}"
"{"66o", 0.6328236240595451, 1.2656472481190901}","{"JAo", 0.45500533111553265, 1.365015993346598}","{"KTs", 0.35633842477408917, 1.4253536990963567}","{"88o", 0.2946520983241493, 1.4732604916207466}","{"QTs", 0.2515669760045292, 1.5094018560271754}","{"QTs", 0.2221405209094382, 1.5549836463660673}","{"QAo", 0.19712673899450217, 1.5770139119560174}","{"QAo", 0.17443685218531987, 1.569931669667879}","{"99o", 0.15559349176796652, 1.5559349176796653}"
"{"A9s", 0.6278168231021394, 1.2556336462042788}","{"KTs", 0.4478675630650552, 1.3436026891951656}","{"JAo", 0.3532200363332482, 1.4128801453329929}","{"QKo", 0.29275833074273894, 1.4637916537136948}","{"QKo", 0.2503263119595869, 1.5019578717575213}","{"JTs", 0.22001404846671097, 1.5400983392669767}","{"99o", 0.1940890028258239, 1.5527120226065911}","{"99o", 0.17202584919590408, 1.5482326427631368}","{"QAo", 0.15542741584908146, 1.5542741584908146}"
"{"TAo", 0.6271753443724687, 1.2543506887449374}","{"A9s", 0.4455219553045852, 1.3365658659137556}","{"QKo", 0.3517107695937403, 1.4068430783749613}","{"QTs", 0.29044170863926416, 1.4522085431963208}","{"JTs", 0.24861286496958704, 1.4916771898175223}","{"QKo", 0.21752120591945975, 1.5226484414362182}","{"QKo", 0.19103819856008294, 1.5283055884806636}","{"QKo", 0.16920892676959423, 1.522880340926348}","{"A9s", 0.15376452263137286, 1.5376452263137286}"
"{"KJs", 0.6256972225905442, 1.2513944451810883}","{"QKo", 0.44391189562617794, 1.3317356868785337}","{"A9s", 0.3450977563206416, 1.3803910252825664}","{"JAo", 0.28858059693877847, 1.4429029846938923}","{"JAo", 0.2433371751664495, 1.4600230509986971}","{"A9s", 0.21076460407966907, 1.4753522285576834}","{"A9s", 0.18735519707166007, 1.4988415765732805}","{"A9s", 0.16879232006497888, 1.5191308805848098}","{"QKo", 0.15093312786566226, 1.5093312786566226}"
"{"A8s", 0.6193988506279567, 1.2387977012559135}","{"TAo", 0.4428850679655277, 1.328655203896583}","{"QTs", 0.3450804215090551, 1.3803216860362204}","{"JTs", 0.28628588732786886, 1.4314294366393443}","{"A9s", 0.2412970673612537, 1.4477824041675222}","{"JAo", 0.2093528200297465, 1.4654697402082255}","{"JAo", 0.18259909374350458, 1.4607927499480367}","{"K9s", 0.16307014681816892, 1.4676313213635204}","{"K9s", 0.1485743953388417, 1.485743953388417}"
"{"KTs", 0.6178688514399844, 1.2357377028799688}","{"QJs", 0.4417960059678441, 1.3253880179035322}","{"77o", 0.3438310739784054, 1.3753242959136216}","{"A9s", 0.28322230051071784, 1.4161115025535893}","{"88o", 0.24020354633400887, 1.4412212780040532}","{"K9s", 0.20340690983108942, 1.423848368817626}","{"K9s", 0.1809339290761416, 1.4474714326091327}","{"A8s", 0.1619634972270516, 1.4576714750434645}","{"T9s", 0.14847053148823683, 1.4847053148823683}"
"{"QKo", 0.6145801478781711, 1.2291602957563421}","{"A8s", 0.43508359408098257, 1.3052507822429478}","{"TAo", 0.3397726190580737, 1.3590904762322948}","{"JKo", 0.2772460414262688, 1.386230207131344}","{"JKo", 0.23497028171204679, 1.4098216902722807}","{"88o", 0.2030026792516323, 1.421018754761426}","{"A8s", 0.17980506925815987, 1.438440554065279}","{"T9s", 0.16118917451931694, 1.4507025706738526}","{"A8s", 0.14758142816339287, 1.4758142816339288}"
"{"A7s", 0.6098614666463412, 1.2197229332926824}","{"66o", 0.4319282049619016, 1.2957846148857048}","{"JTs", 0.33857064947436727, 1.354282597897469}","{"TAo", 0.2750301671002315, 1.3751508355011575}","{"K9s", 0.2325176599745947, 1.3951059598475681}","{"JKo", 0.20278066939523717, 1.4194646857666602}","{"JKo", 0.1772732723584219, 1.4181861788673753}","{"JAo", 0.16088100333111016, 1.4479290299799914}","{"J9s", 0.14568934588087584, 1.4568934588087585}"
"{"9Ao", 0.6077185273262677, 1.2154370546525355}","{"QTs", 0.43103338276395725, 1.2931001482918718}","{"JKo", 0.33681874818448265, 1.3472749927379306}","{"A8s", 0.27342240520055233, 1.3671120260027616}","{"A8s", 0.2322350387237102, 1.3934102323422612}","{"A8s", 0.20247361980218792, 1.4173153386153154}","{"T9s", 0.17707453924154395, 1.4165963139323516}","{"Q9s", 0.15913867033563137, 1.4322480330206824}","{"Q9s", 0.14531201325209422, 1.4531201325209422}"
"{"JKo", 0.6056896785962645, 1.211379357192529}","{"JKo", 0.4309114088049225, 1.2927342264147677}","{"A8s", 0.3346876013200273, 1.3387504052801091}","{"K9s", 0.2719832971390863, 1.3599164856954316}","{"TAo", 0.23029206948901926, 1.3817524169341155}","{"Q9s", 0.19795009453255358, 1.385650661727875}","{"88o", 0.17701054707234085, 1.4160843765787268}","{"J9s", 0.15891384097621478, 1.430224568785933}","{"88o", 0.14470901382816537, 1.4470901382816537}"
"{"55o", 0.6032682763913596, 1.2065365527827192}","{"A7s", 0.4239047154317008, 1.2717141462951023}","{"K9s", 0.32948607764830784, 1.3179443105932314}","{"JQo", 0.2692328525750156, 1.346164262875078}","{"JQo", 0.22870469357351175, 1.3722281614410705}","{"JQo", 0.19764887595014405, 1.3835421316510084}","{"Q9s", 0.17628323305828547, 1.4102658644662838}","{"88o", 0.158404244857659, 1.425638203718931}","{"A5s", 0.14450615258401758, 1.4450615258401758}"
"{"QJs", 0.6025771075035915, 1.205154215007183}","{"K9s", 0.4230328518682131, 1.2690985556046392}","{"JQo", 0.3255192765738603, 1.3020771062954413}","{"77o", 0.267704476664617, 1.338522383323085}","{"Q9s", 0.22606840592935026, 1.3564104355761015}","{"T9s", 0.19734909232066516, 1.3814436462446562}","{"J9s", 0.17536975112636088, 1.402958009010887}","{"A5s", 0.15770228967845137, 1.4193206071060624}","{"JAo", 0.14293784621746436, 1.4293784621746437}"
"{"K9s", 0.599922792675594, 1.199845585351188}","{"JTs", 0.41948828981765096, 1.2584648694529528}","{"A7s", 0.32405985963128137, 1.2962394385251255}","{"TKo", 0.26423300202112177, 1.321165010105609}","{"A7s", 0.22390796624665008, 1.3434477974799004}","{"TAo", 0.197099578219524, 1.379697047536668}","{"A5s", 0.17399322354655833, 1.3919457883724666}","{"JKo", 0.1565273397543739, 1.4087460577893651}","{"A7s", 0.14279760145843523, 1.4279760145843523}"
"{"A5s", 0.5992368663055666, 1.1984737326111332}","{"TKo", 0.41917906719392056, 1.2575372015817616}","{"TKo", 0.32387387248143384, 1.2954954899257354}","{"Q9s", 0.26397305952919886, 1.3198652976459944}","{"T9s", 0.2238397533104757, 1.3430385198628543}","{"J9s", 0.1962996886877138, 1.3740978208139967}","{"A7s", 0.1735090835899015, 1.388072668719212}","{"A7s", 0.156482593411512, 1.408343340703608}","{"A4s", 0.14209040568483736, 1.4209040568483735}"
"{"A6s", 0.599076077274412, 1.198152154548824}","{"9Ao", 0.41580718820576507, 1.2474215646172953}","{"Q9s", 0.3185060092589199, 1.2740240370356797}","{"A7s", 0.2639211518105992, 1.3196057590529962}","{"J9s", 0.22352108629819986, 1.3411265177891991}","{"A7s", 0.19520078140553754, 1.3664054698387629}","{"JQo", 0.17303254569975934, 1.3842603655980747}","{"A4s", 0.15480097031940016, 1.3932087328746015}","{"A3s", 0.13961753675179314, 1.3961753675179314}"
"{"8Ao", 0.5986847609324566, 1.1973695218649132}","{"A5s", 0.4143467755256707, 1.243040326577012}","{"A5s", 0.3174281581965806, 1.2697126327863224}","{"J9s", 0.2601147273635313, 1.3005736368176566}","{"TKo", 0.22250019274836413, 1.335001156490185}","{"A5s", 0.19465992628003503, 1.3626194839602452}","{"TAo", 0.17125591344627303, 1.3700473075701842}","{"JQo", 0.1531516992711389, 1.37836529344025}","{"JKo", 0.13943502949950307, 1.3943502949950306}"
"{"TKo", 0.597400835970348, 1.194801671940696}","{"JQo", 0.4135237621518446, 1.2405712864555338}","{"66o", 0.31519961085480946, 1.2607984434192379}","{"A5s", 0.25989328511059295, 1.2994664255529647}","{"A5s", 0.22188973498742756, 1.3313384099245653}","{"TKo", 0.19114239962015397, 1.3379967973410778}","{"A4s", 0.17051041504620232, 1.3640833203696185}","{"A6s", 0.15210500420393921, 1.3689450378354528}","{"A6s", 0.13919455301409994, 1.3919455301409993}"
"{"QTs", 0.594640707523368, 1.189281415046736}","{"A6s", 0.4116224688431707, 1.2348674065295122}","{"TQo", 0.3129843857459007, 1.2519375429836028}","{"T9s", 0.2594355720252094, 1.2971778601260469}","{"77o", 0.21855872421119674, 1.3113523452671805}","{"A4s", 0.19042630025828045, 1.3329841018079631}","{"A6s", 0.1681635168353372, 1.3453081346826976}","{"A3s", 0.15194314035891285, 1.3674882632302157}","{"JQo", 0.13689292629830302, 1.36892926298303}"
"{"A4s", 0.5903493705460727, 1.1806987410921455}","{"Q9s", 0.40639135447137104, 1.219174063414113}","{"A6s", 0.31289270053012114, 1.2515708021204845}","{"TQo", 0.25670571390404157, 1.2835285695202079}","{"TQo", 0.21675185941885083, 1.300511156513105}","{"A6s", 0.18868977389307606, 1.3208284172515325}","{"A3s", 0.16713729027425117, 1.3370983221940094}","{"TAo", 0.15052744055554093, 1.3547469649998685}","{"77o", 0.13649328265388297, 1.3649328265388296}"
"{"7Ao", 0.5883703902794083, 1.1767407805588166}","{"A4s", 0.4052288312551013, 1.2156864937653038}","{"J9s", 0.31212996040769014, 1.2485198416307606}","{"A6s", 0.25437939420293265, 1.2718969710146633}","{"A4s", 0.21671716825845996, 1.3003030095507597}","{"TQo", 0.18660718423280578, 1.3062502896296404}","{"TKo", 0.16661920978168257, 1.3329536782534606}","{"K8s", 0.14897151088200664, 1.3407435979380598}","{"A2s", 0.13593707411632974, 1.3593707411632974}"
"{"K8s", 0.5831103400563932, 1.1662206801127863}","{"8Ao", 0.4045535281435784, 1.2136605844307353}","{"9Ao", 0.3104928070341203, 1.2419712281364812}","{"A4s", 0.2535395634179265, 1.2676978170896325}","{"A6s", 0.2159799967797184, 1.2958799806783103}","{"A3s", 0.18638213171559118, 1.3046749220091383}","{"K8s", 0.1653979414791213, 1.3231835318329703}","{"77o", 0.14800622074237785, 1.3320559866814006}","{"K8s", 0.13573960245590005, 1.3573960245590007}"
"{"A3s", 0.5822335365704776, 1.1644670731409552}","{"TQo", 0.40204908653921595, 1.206147259617648}","{"A4s", 0.3096622400502165, 1.238648960200866}","{"TJo", 0.2533580313556558, 1.266790156778279}","{"TJo", 0.2148465350264123, 1.2890792101584738}","{"K8s", 0.18628432922274266, 1.3039903045591985}","{"77o", 0.16371466822325936, 1.309717345786075}","{"A2s", 0.1479325630539172, 1.3313930674852548}","{"T8s", 0.13552209937779028, 1.3552209937779027}"
"{"JQo", 0.5813283625369271, 1.1626567250738542}","{"K8s", 0.4015736434295181, 1.2047209302885544}","{"T9s", 0.30952886527053747, 1.2381154610821499}","{"K8s", 0.25154263376513414, 1.2577131688256706}","{"K8s", 0.21369965405206479, 1.2821979243123887}","{"77o", 0.18597281063912988, 1.3018096744739092}","{"TQo", 0.16307340839896173, 1.3045872671916938}","{"T8s", 0.14725298519636623, 1.325276866767296}","{"98s", 0.1338352545013915, 1.3383525450139149}"
"{"9Ko", 0.5781361341580952, 1.1562722683161903}","{"55o", 0.40058950534729715, 1.2017685160418914}","{"K8s", 0.3078084349380218, 1.2312337397520872}","{"A3s", 0.24749251864481656, 1.2374625932240828}","{"A3s", 0.21179573256952736, 1.2707743954171642}","{"TJo", 0.18568959142766853, 1.2998271399936796}","{"TJo", 0.16302930048540884, 1.3042344038832707}","{"TKo", 0.14692198686768898, 1.3222978818092008}","{"TAo", 0.13354081516661276, 1.3354081516661276}"
"{"5Ao", 0.5770051390817846, 1.1540102781635693}","{"A3s", 0.39670701575751377, 1.1901210472725414}","{"TJo", 0.306967332688692, 1.227869330754768}","{"9Ao", 0.24584308031196453, 1.2292154015598227}","{"Q8s", 0.2073571823887747, 1.2441430943326481}","{"A2s", 0.18138487980372128, 1.269694158626049}","{"A2s", 0.16271355850837202, 1.3017084680669762}","{"98s", 0.14523567669032109, 1.3071210902128898}","{"J8s", 0.13240405117705614, 1.3240405117705614}"
"{"6Ao", 0.5767967456847232, 1.1535934913694463}","{"J9s", 0.3946946656651083, 1.184083996995325}","{"A3s", 0.30232017747320183, 1.2092807098928073}","{"66o", 0.24486004901748684, 1.2243002450874343}","{"K7s", 0.20672154107527552, 1.240329246451653}","{"Q8s", 0.180811947380675, 1.2656836316647249}","{"T8s", 0.16192376997518532, 1.2953901598014825}","{"TJo", 0.14509738813593925, 1.3058764932234532}","{"Q8s", 0.13200912491200187, 1.3200912491200187}"
"{"Q9s", 0.5766420696797492, 1.1532841393594984}","{"K7s", 0.3926989484221826, 1.178096845266548}","{"K7s", 0.29932410304093393, 1.1972964121637357}","{"K7s", 0.2437814764598561, 1.2189073822992804}","{"A2s", 0.20604389747942842, 1.2362633848765705}","{"T8s", 0.1807870922991297, 1.265509646093908}","{"Q8s", 0.16059297907224576, 1.284743832577966}","{"Q8s", 0.14473988429609386, 1.3026589586648447}","{"K7s", 0.1312702251014241, 1.3127022510142412}"
"{"K7s", 0.5753801084821274, 1.1507602169642548}","{"9Ko", 0.39240368511896623, 1.1772110553568986}","{"8Ao", 0.29915802938734487, 1.1966321175493795}","{"Q8s", 0.24371320011383124, 1.2185660005691563}","{"T8s", 0.20569212184819335, 1.2341527310891602}","{"K7s", 0.1800384024809736, 1.2602688173668153}","{"J8s", 0.1598453845078795, 1.278763076063036}","{"J8s", 0.14459698894076517, 1.3013729004668866}","{"TKo", 0.13083640809044872, 1.3083640809044872}"
"{"JTs", 0.5752724221793826, 1.1505448443587651}","{"7Ao", 0.39232779155937136, 1.1769833746781142}","{"Q8s", 0.2971182915999893, 1.1884731663999573}","{"A2s", 0.24075722146053893, 1.2037861073026948}","{"J8s", 0.20507613957702817, 1.230456837462169}","{"J8s", 0.17936655181297187, 1.255565862690803}","{"K7s", 0.15983334682857223, 1.2786667746285778}","{"TQo", 0.14432643446763943, 1.2989379102087548}","{"TJo", 0.13069556963940457, 1.3069556963940456}"
"{"A2s", 0.573810915158379, 1.147621830316758}","{"TJo", 0.3903231982682703, 1.1709695948048109}","{"9Ko", 0.2948435700895024, 1.1793742803580096}","{"J8s", 0.240176876100155, 1.200884380500775}","{"98s", 0.2026755383988171, 1.2160532303929026}","{"98s", 0.1780657188001736, 1.2464600316012153}","{"98s", 0.1595617173110494, 1.2764937384883952}","{"K7s", 0.1439914136122998, 1.2959227225106982}","{"66o", 0.13024502040406452, 1.3024502040406452}"
"{"TQo", 0.5729010785029269, 1.1458021570058539}","{"A2s", 0.3877239166313267, 1.1631717498939802}","{"A2s", 0.2943772125755597, 1.1775088503022388}","{"T8s", 0.2397558734515564, 1.198779367257782}","{"9Ao", 0.20222084891210884, 1.213325093472653}","{"K6s", 0.17451832536300615, 1.221628277541043}","{"K6s", 0.15512617932257566, 1.2410094345806053}","{"66o", 0.14016201544826584, 1.2614581390343926}","{"TQo", 0.129154840957607, 1.2915484095760699}"
"{"44o", 0.5702939681269278, 1.1405879362538556}","{"T9s", 0.3874730088935528, 1.1624190266806584}","{"J8s", 0.2911264017783717, 1.1645056071134867}","{"98s", 0.2364204989672444, 1.182102494836222}","{"66o", 0.20098894332126735, 1.205933659927604}","{"66o", 0.172661743094536, 1.208632201661752}","{"66o", 0.1535926766473824, 1.2287414131790593}","{"K6s", 0.13996246925527503, 1.2596622232974752}","{"K6s", 0.1277803392380033, 1.277803392380033}"
"{"4Ao", 0.5673103354895869, 1.1346206709791737}","{"Q8s", 0.38535752616478447, 1.1560725784943533}","{"K6s", 0.2903838338262765, 1.161535335305106}","{"K6s", 0.23607503897249205, 1.1803751948624601}","{"K6s", 0.2001921070659711, 1.2011526423958265}","{"9Ao", 0.17052757797498402, 1.1936930458248882}","{"K5s", 0.15141924715019983, 1.2113539772015987}","{"87s", 0.13762985992094767, 1.2386687392885292}","{"87s", 0.1273725425775344, 1.2737254257753439}"
"{"K6s", 0.5664441016542633, 1.1328882033085266}","{"K6s", 0.3828311074008741, 1.1484933222026223}","{"55o", 0.28878809926914584, 1.1551523970765833}","{"9Ko", 0.2351731533129323, 1.1758657665646615}","{"K5s", 0.1948055202239763, 1.1688331213438579}","{"K5s", 0.17006614099474918, 1.1904629869632442}","{"87s", 0.15046359818096786, 1.2037087854477428}","{"K5s", 0.1367966993173996, 1.2311702938565965}","{"K5s", 0.12503687817627934, 1.2503687817627935}"
"{"8Ko", 0.5601852630071412, 1.1203705260142824}","{"5Ao", 0.3819316325235873, 1.145794897570762}","{"T8s", 0.28867906026800366, 1.1547162410720146}","{"8Ao", 0.23512134973955623, 1.1756067486977813}","{"9Ko", 0.19438506187348562, 1.1663103712409137}","{"87s", 0.16712007905193665, 1.1698405533635565}","{"97s", 0.1484603957448265, 1.187683165958612}","{"97s", 0.13529629581500305, 1.2176666623350274}","{"97s", 0.12480493571314187, 1.2480493571314186}"
"{"Q8s", 0.5601698559625901, 1.1203397119251801}","{"6Ao", 0.37906921184053083, 1.1372076355215925}","{"7Ao", 0.28750891732082673, 1.150035669283307}","{"K5s", 0.22952059524828433, 1.1476029762414217}","{"8Ao", 0.19223368777078936, 1.1534021266247363}","{"K4s", 0.16629812680184827, 1.164086887612938}","{"K4s", 0.1483367086102318, 1.1866936688818543}","{"K4s", 0.13428186264085784, 1.2085367637677207}","{"55o", 0.12377932909169165, 1.2377932909169165}"
"{"3Ao", 0.5584547089861561, 1.1169094179723122}","{"9Qo", 0.37549603601960635, 1.126488108058819}","{"98s", 0.284621731270559, 1.138486925082236}","{"9Qo", 0.22793219386978028, 1.1396609693489015}","{"Q7s", 0.19062899755123416, 1.143773985307405}","{"Q7s", 0.16576932962959232, 1.1603853074071462}","{"T7s", 0.14779716246936592, 1.1823772997549273}","{"T7s", 0.13413980629036923, 1.207258256613323}","{"T7s", 0.12323902460374543, 1.2323902460374543}"
"{"K5s", 0.5579207703876907, 1.1158415407753814}","{"J8s", 0.373973944756162, 1.121921834268486}","{"9Qo", 0.2842611093811764, 1.1370444375247055}","{"Q7s", 0.2252010739018076, 1.126005369509038}","{"K4s", 0.19014548491870997, 1.1408729095122598}","{"97s", 0.16550228992483199, 1.158516029473824}","{"Q7s", 0.14704777962734092, 1.1763822370187274}","{"55o", 0.13251716286257492, 1.1926544657631744}","{"K4s", 0.12295603214551026, 1.2295603214551027}"
"{"J9s", 0.5566144052358096, 1.1132288104716193}","{"K5s", 0.3739113477934705, 1.1217340433804115}","{"K5s", 0.28255786223601365, 1.1302314489440546}","{"9To", 0.2250725361902769, 1.1253626809513846}","{"87s", 0.18951649132427495, 1.1370989479456497}","{"T7s", 0.1654109636370841, 1.1578767454595886}","{"9Ao", 0.1463216220308401, 1.1705729762467207}","{"Q7s", 0.13245157321158915, 1.1920641589043024}","{"76s", 0.1225701782256119, 1.2257017822561191}"
"{"9Qo", 0.5536407344504305, 1.107281468900861}","{"4Ao", 0.3719266579968994, 1.1157799739906982}","{"5Ao", 0.28008946100796994, 1.1203578440318798}","{"9Jo", 0.22488539607537647, 1.1244269803768823}","{"9Qo", 0.18894139464280682, 1.133648367856841}","{"9Ko", 0.164374742272737, 1.1506231959091588}","{"J7s", 0.14573633780536974, 1.165890702442958}","{"K3s", 0.1321334193242412, 1.1892007739181707}","{"44o", 0.12152525088857398, 1.2152525088857398}"
"{"TJo", 0.5524965965622423, 1.1049931931244845}","{"8Ko", 0.3693728282519002, 1.1081184847557006}","{"9Jo", 0.2783476919452149, 1.1133907677808597}","{"7Ao", 0.22463065608352317, 1.1231532804176159}","{"T7s", 0.18885087266121775, 1.1331052359673066}","{"J7s", 0.16394416110055263, 1.1476091277038685}","{"K3s", 0.14568854696286374, 1.1655083757029099}","{"76s", 0.131953478646357, 1.187581307817213}","{"K3s", 0.12119543751572623, 1.2119543751572623}"
"{"7Ko", 0.5518771526849409, 1.1037543053698817}","{"44o", 0.36757393249098436, 1.102721797472953}","{"Q7s", 0.2769912738789474, 1.1079650955157896}","{"55o", 0.22426276358778854, 1.1213138179389428}","{"9To", 0.18880734831193077, 1.1328440898715846}","{"K3s", 0.16296810322985203, 1.1407767226089642}","{"55o", 0.1441681202026175, 1.15334496162094}","{"J7s", 0.13160602753926626, 1.1844542478533964}","{"Q7s", 0.12078981283166909, 1.207898128316691}"
"{"2Ao", 0.5492776093494277, 1.0985552186988554}","{"T8s", 0.36671336619460027, 1.1001400985838008}","{"9To", 0.27633304926858776, 1.105332197074351}","{"K4s", 0.2237237554424666, 1.1186187772123328}","{"97s", 0.18837827673679822, 1.1302696604207894}","{"9To", 0.1619660160611859, 1.1337621124283013}","{"76s", 0.14358051831867813, 1.148644146549425}","{"K2s", 0.13014412681778073, 1.1712971413600266}","{"J7s", 0.12030558083083467, 1.2030558083083467}"
"{"K4s", 0.5488725122703673, 1.0977450245407345}","{"K4s", 0.3652178679128782, 1.0956536037386346}","{"K4s", 0.2753488823599343, 1.1013955294397373}","{"J7s", 0.2215658235194608, 1.107829117597304}","{"J7s", 0.18811609550216282, 1.128696573012977}","{"8Ao", 0.1613381101039818, 1.1293667707278727}","{"K2s", 0.14320144405213509, 1.1456115524170807}","{"44o", 0.12897522508769166, 1.160777025789225}","{"33o", 0.12006891821818462, 1.2006891821818462}"
"{"Q7s", 0.5429824948765758, 1.0859649897531516}","{"Q7s", 0.3646430981471493, 1.0939292944414478}","{"6Ao", 0.2753291960572054, 1.1013167842288216}","{"T7s", 0.22130938055663818, 1.106546902783191}","{"9Jo", 0.1874300665852211, 1.1245803995113266}","{"Q6s", 0.16102261259758419, 1.1271582881830893}","{"Q6s", 0.14287325481672097, 1.1429860385337678}","{"Q6s", 0.12875746563691715, 1.1588171907322544}","{"K2s", 0.11958533121893797, 1.1958533121893797}"
"{"6Ko", 0.5422312729921275, 1.084462545984255}","{"9Jo", 0.3636405287869887, 1.0909215863609663}","{"4Ao", 0.2714883321865458, 1.085953328746183}","{"87s", 0.22077608387917275, 1.1038804193958638}","{"K3s", 0.18593342748559738, 1.1156005649135843}","{"55o", 0.16064706317029234, 1.1245294421920464}","{"9To", 0.14159311454362009, 1.1327449163489607}","{"86s", 0.128489652611684, 1.1564068735051558}","{"22o", 0.119343680989884, 1.19343680989884}"
"{"K3s", 0.5405862871926312, 1.0811725743852625}","{"3Ao", 0.3625364433728135, 1.0876093301184404}","{"8Ko", 0.2713864462653009, 1.0855457850612036}","{"97s", 0.2201718688533695, 1.1008593442668475}","{"55o", 0.18530750566733864, 1.1118450340040318}","{"9Qo", 0.1601296959555533, 1.120907871688873}","{"9Ko", 0.14132139280364642, 1.1305711424291713}","{"65s", 0.12767818331005343, 1.1491036497904807}","{"86s", 0.11898325013900443, 1.1898325013900444}"
"{"T9s", 0.540293362434252, 1.080586724868504}","{"98s", 0.3597746869032777, 1.079324060709833}","{"J7s", 0.2710532686417989, 1.0842130745671956}","{"5Ao", 0.2199440863253948, 1.099720431626974}","{"Q6s", 0.18518162738199856, 1.1110897642919912}","{"K2s", 0.15983137171162248, 1.1188196019813574}","{"86s", 0.14033612144477778, 1.1226889715582222}","{"9Ao", 0.12722116447186013, 1.1449904802467412}","{"65s", 0.11894580427090033, 1.1894580427090033}"
"{"J8s", 0.5401595985031266, 1.0803191970062531}","{"7Ko", 0.3597412122038529, 1.0792236366115588}","{"Q6s", 0.27001855721260737, 1.0800742288504295}","{"Q6s", 0.2189868266691174, 1.0949341333455869}","{"7Ao", 0.18297746669341228, 1.0978648001604736}","{"9Jo", 0.15968408951037869, 1.1177886265726509}","{"Q5s", 0.13950830205303702, 1.1160664164242962}","{"33o", 0.12657605987557033, 1.139184538880133}","{"Q6s", 0.11747568644730753, 1.1747568644730753}"
"{"33o", 0.5369425549482302, 1.0738851098964604}","{"Q6s", 0.35715276983999966, 1.071458309519999}","{"T7s", 0.2688553228931307, 1.0754212915725228}","{"K3s", 0.21838743586966106, 1.0919371793483053}","{"K2s", 0.18192691569871225, 1.0915614941922736}","{"76s", 0.15861421517363866, 1.1102995062154706}","{"44o", 0.13868302538016608, 1.1094642030413286}","{"Q5s", 0.1259280388326486, 1.1333523494938376}","{"54s", 0.11657159014761743, 1.1657159014761744}"
"{"Q6s", 0.5360943531685141, 1.0721887063370281}","{"K3s", 0.3571023841145705, 1.0713071523437114}","{"K3s", 0.26864286995932407, 1.0745714798372963}","{"6Ao", 0.21415689789225953, 1.0707844894612977}","{"5Ao", 0.18043888778896025, 1.0826333267337616}","{"Q5s", 0.1569227964337606, 1.0984595750363242}","{"9Jo", 0.1385090439749433, 1.1080723517995463}","{"9To", 0.12579551776225603, 1.1321596598603043}","{"Q5s", 0.11504124550966432, 1.1504124550966432}"
"{"8Qo", 0.5359855741323908, 1.0719711482647816}","{"9To", 0.3564652243641389, 1.0693956730924168}","{"97s", 0.2665286920042614, 1.0661147680170455}","{"K2s", 0.21322055080161725, 1.0661027540080863}","{"Q5s", 0.18014718169536995, 1.0808830901722197}","{"86s", 0.1556897428618258, 1.0898282000327806}","{"65s", 0.1383570850866757, 1.1068566806934057}","{"22o", 0.12517688717257391, 1.1265919845531651}","{"75s", 0.11460325900440647, 1.1460325900440647}"
"{"5Ko", 0.5331826170556022, 1.0663652341112044}","{"J7s", 0.35352021662315514, 1.0605606498694655}","{"87s", 0.2662972699045492, 1.0651890796181969}","{"8Ko", 0.21294997516933437, 1.0647498758466718}","{"76s", 0.17895158509364217, 1.073709510561853}","{"Q4s", 0.15334181406722702, 1.073392698470589}","{"9Qo", 0.1380424879755665, 1.104339903804532}","{"54s", 0.12490732558133089, 1.124165930231978}","{"96s", 0.11405691964914494, 1.1405691964914495}"
"{"9Jo", 0.5325173569394415, 1.065034713878883}","{"8Qo", 0.35278578327581467, 1.058357349827444}","{"3Ao", 0.2633401421959151, 1.0533605687836605}","{"4Ao", 0.21287872386549161, 1.0643936193274581}","{"86s", 0.17643381769249442, 1.0586029061549664}","{"7Ao", 0.15325535243075866, 1.0727874670153106}","{"8Ao", 0.13793812304882716, 1.1035049843906173}","{"96s", 0.12384113974918427, 1.1145702577426584}","{"9To", 0.1133216285998179, 1.133216285998179}"
"{"K2s", 0.5321045637118441, 1.0642091274236882}","{"2Ao", 0.3526324193998433, 1.0578972581995298}","{"44o", 0.2628965390978298, 1.0515861563913191}","{"Q5s", 0.21279785179044342, 1.063989258952217}","{"Q4s", 0.1756722216798674, 1.0540333300792044}","{"5Ao", 0.15231117531165425, 1.0661782271815798}","{"Q4s", 0.13660660660257032, 1.0928528528205625}","{"Q4s", 0.12357551496623467, 1.1121796346961121}","{"Q4s", 0.11310727968381673, 1.1310727968381673}"
"{"Q5s", 0.5276870002951655, 1.055374000590331}","{"6Ko", 0.3490319346744723, 1.0470958040234168}","{"Q5s", 0.2625300099353979, 1.0501200397415915}","{"76s", 0.20778943871519845, 1.0389471935759922}","{"4Ao", 0.17469458775010824, 1.0481675265006494}","{"44o", 0.15225027800574525, 1.0657519460402167}","{"96s", 0.13609525078766216, 1.0887620063012973}","{"75s", 0.1233859203430046, 1.1104732830870414}","{"T6s", 0.11195837562786945, 1.1195837562786946}"
"{"T8s", 0.5232758698585405, 1.046551739717081}","{"K2s", 0.3489544192027823, 1.046863257608347}","{"7Ko", 0.2621266671361113, 1.0485066685444453}","{"Q4s", 0.2072037461708628, 1.0360187308543138}","{"6Ao", 0.17422886843802315, 1.045373210628139}","{"65s", 0.1520297224925394, 1.064208057447776}","{"54s", 0.13495426403708982, 1.0796341122967186}","{"9Ko", 0.12308888549827307, 1.1077999694844576}","{"9Ao", 0.11180810762182028, 1.1180810762182027}"
"{"4Ko", 0.5232586896311333, 1.0465173792622666}","{"Q5s", 0.348538365270389, 1.045615095811167}","{"K2s", 0.2620259527356759, 1.0481038109427037}","{"3Ao", 0.20614586323007883, 1.030729316150394}","{"8Ko", 0.17386084846635855, 1.0431650907981513}","{"96s", 0.1519858974705238, 1.0639012822936667}","{"T6s", 0.13490213625587938, 1.079217090047035}","{"T6s", 0.12215404018833485, 1.0993863616950137}","{"Q3s", 0.11140439415000157, 1.1140439415000156}"
"{"J7s", 0.523253163919098, 1.046506327838196}","{"T7s", 0.34651208888100027, 1.0395362666430008}","{"8Qo", 0.2610768916964433, 1.0443075667857733}","{"8Qo", 0.20587969282119492, 1.0293984641059746}","{"96s", 0.1733900417970254, 1.0403402507821524}","{"T6s", 0.15136133379336725, 1.0595293365535707}","{"33o", 0.1347686825527597, 1.0781494604220776}","{"9Jo", 0.12200144393424875, 1.0980129954082387}","{"64s", 0.11075987342572928, 1.1075987342572928}"
"{"Q4s", 0.5185217112794568, 1.0370434225589136}","{"8Jo", 0.341291186070875, 1.023873558212625}","{"Q4s", 0.25557174297240204, 1.0222869718896082}","{"86s", 0.20575536688537668, 1.0287768344268835}","{"T6s", 0.1733649301345737, 1.0401895808074424}","{"J6s", 0.1505309503445579, 1.0537166524119053}","{"75s", 0.1342094164808887, 1.0736753318471095}","{"Q3s", 0.1214918063726067, 1.0934262573534603}","{"J6s", 0.11017951383424472, 1.1017951383424471}"
"{"7Qo", 0.5176721185494962, 1.0353442370989925}","{"97s", 0.3407718748247662, 1.0223156244742986}","{"8Jo", 0.2555626640588095, 1.022250656235238}","{"44o", 0.20571425820396508, 1.0285712910198255}","{"J6s", 0.17308023097700506, 1.0384813858620303}","{"Q3s", 0.15010235170609373, 1.050716461942656}","{"Q3s", 0.13402716938111156, 1.0722173550488925}","{"9Qo", 0.12069744505787347, 1.0862770055208613}","{"Q2s", 0.1098897175728144, 1.098897175728144}"
"{"9To", 0.5153103410005078, 1.0306206820010155}","{"Q4s", 0.34006845105205796, 1.0202053531561739}","{"2Ao", 0.2545441098560399, 1.0181764394241597}","{"J6s", 0.2046905739767714, 1.023452869883857}","{"44o", 0.17266842164022353, 1.0360105298413411}","{"75s", 0.14812196812995085, 1.036853776909656}","{"J6s", 0.1336782839757823, 1.0694262718062584}","{"J6s", 0.1206151532015391, 1.085536378813852}","{"9Jo", 0.10889987896808201, 1.08899878968082}"
"{"8Jo", 0.5149046321255043, 1.0298092642510086}","{"5Ko", 0.3394786204786188, 1.0184358614358564}","{"8To", 0.25382826069412945, 1.0153130427765178}","{"7Ko", 0.2043909773279731, 1.0219548866398656}","{"Q3s", 0.17155410538399843, 1.0293246323039906}","{"54s", 0.1476694582669499, 1.0336862078686493}","{"22o", 0.13222175103722872, 1.0577740082978297}","{"Q2s", 0.11963060062698311, 1.076675405642848}","{"85s", 0.10872775449328387, 1.0872775449328387}"
"{"3Ko", 0.5142920103428188, 1.0285840206856376}","{"87s", 0.3379009379405929, 1.0137028138217787}","{"6Ko", 0.25232306221752077, 1.009292248870083}","{"T6s", 0.20417008123271432, 1.0208504061635717}","{"65s", 0.1704789788305464, 1.0228738729832785}","{"4Ao", 0.14763748070391072, 1.033462364927375}","{"Q2s", 0.1316937980681609, 1.0535503845452872}","{"8Ao", 0.11960551290228806, 1.0764496161205925}","{"53s", 0.10851759514571616, 1.0851759514571615}"
"{"6Qo", 0.5102306846406303, 1.0204613692812605}","{"33o", 0.3362149314604481, 1.0086447943813444}","{"J6s", 0.2523213770677006, 1.0092855082708023}","{"8To", 0.20369984609422215, 1.0184992304711107}","{"3Ao", 0.1692073057550112, 1.0152438345300672}","{"Q2s", 0.1471194050031969, 1.0298358350223782}","{"5Ao", 0.1311260880256938, 1.0490087042055505}","{"64s", 0.1189371004067484, 1.0704339036607355}","{"9Ko", 0.1083834328667165, 1.083834328667165}"
"{"Q3s", 0.5102199276743252, 1.0204398553486504}","{"8To", 0.3342154243063463, 1.0026462729190389}","{"76s", 0.25068723234246565, 1.0027489293698626}","{"96s", 0.20348970153716342, 1.017448507685817}","{"8To", 0.16901797764986845, 1.0141078658992106}","{"J5s", 0.1469913279336474, 1.0289392955355317}","{"7Ao", 0.13091508934132925, 1.047320714730634}","{"J5s", 0.1178970333963337, 1.0610733005670032}","{"J5s", 0.10771650619337653, 1.0771650619337652}"
"{"98s", 0.5079999089904941, 1.0159998179809882}","{"J6s", 0.33370148357335855, 1.0011044507200757}","{"T6s", 0.25005220642110493, 1.0002088256844197}","{"8Jo", 0.20313159713871992, 1.0156579856935997}","{"J5s", 0.16888547719766692, 1.0133128631860016}","{"6Ao", 0.14602607608505394, 1.0221825325953775}","{"J5s", 0.13061056007007177, 1.0448844805605741}","{"85s", 0.11769749096935922, 1.0592774187242329}","{"9Qo", 0.10683060427605115, 1.0683060427605116}"
"{"T7s", 0.5063438973952046, 1.0126877947904092}","{"Q3s", 0.3320893314928305, 0.9962679944784915}","{"89o", 0.2499153340702552, 0.9996613362810208}","{"Q3s", 0.20195149915852265, 1.0097574957926132}","{"8Qo", 0.16848323575955607, 1.0108994145573365}","{"33o", 0.14592863624591207, 1.0215004537213845}","{"64s", 0.12888520979706705, 1.0310816783765364}","{"53s", 0.11633447700613496, 1.0470102930552145}","{"J4s", 0.10581120220089803, 1.0581120220089804}"
"{"J6s", 0.5060613505640635, 1.012122701128127}","{"7Qo", 0.33058195315891536, 0.9917458594767461}","{"86s", 0.2492525609326932, 0.9970102437307728}","{"89o", 0.20068082810308854, 1.0034041405154428}","{"Q2s", 0.16772116977942747, 1.006327018676565}","{"8Ko", 0.14566100090926531, 1.0196270063648571}","{"85s", 0.12882426534794736, 1.0305941227835789}","{"J4s", 0.11561048171012712, 1.0404943353911442}","{"8Ao", 0.10492803584845739, 1.049280358484574}"
"{"2Ko", 0.5050522807567526, 1.0101045615135051}","{"4Ko", 0.3298435299703389, 0.9895305899110167}","{"Q3s", 0.24897255066769922, 0.9958902026707969}","{"J5s", 0.19973183593869498, 0.998659179693475}","{"8Jo", 0.16721895331879552, 1.003313719912773}","{"8To", 0.143825878880967, 1.0067811521667691}","{"J4s", 0.12780333333725574, 1.022426666698046}","{"5Ao", 0.11456010244762146, 1.0310409220285932}","{"74s", 0.10433978212708386, 1.0433978212708386}"
"{"22o", 0.5032916994820728, 1.0065833989641455}","{"J5s", 0.3273437922765121, 0.9820313768295363}","{"96s", 0.2481627903890982, 0.9926511615563928}","{"2Ao", 0.1986674871172744, 0.993337435586372}","{"75s", 0.1669383252857148, 1.0016299517142888}","{"J4s", 0.14350555598944814, 1.004538891926137}","{"4Ao", 0.12731053457647654, 1.0184842766118123}","{"J3s", 0.11361571602068422, 1.022541444186158}","{"J3s", 0.10417700641275238, 1.0417700641275238}"
"{"Q2s", 0.5017149805616922, 1.0034299611233843}","{"89o", 0.32710007913164746, 0.9813002373949424}","{"J5s", 0.24658190912379602, 0.9863276364951841}","{"Q2s", 0.19696664271673345, 0.9848332135836673}","{"89o", 0.16642071282423462, 0.9985242769454077}","{"85s", 0.14317775900681606, 1.0022443130477123}","{"53s", 0.1256980114023236, 1.0055840912185887}","{"7Ao", 0.11349510878521216, 1.0214559790669093}","{"43s", 0.10386896100380877, 1.0386896100380878}"
"{"5Qo", 0.5011823299546839, 1.0023646599093678}","{"T6s", 0.3268411932789744, 0.9805235798369232}","{"5Ko", 0.2438676903276356, 0.9754707613105424}","{"65s", 0.19688426129974837, 0.9844213064987418}","{"7Ko", 0.1660879289288774, 0.9965275735732644}","{"3Ao", 0.14312423486877268, 1.0018696440814088}","{"J3s", 0.12534642923721678, 1.0027714338977343}","{"95s", 0.11272259283097752, 1.0145033354787976}","{"95s", 0.10348856608036028, 1.0348856608036028}"
"{"J5s", 0.4998513204491276, 0.9997026408982552}","{"Q2s", 0.3241237599169065, 0.9723712797507196}","{"Q2s", 0.24253997888735704, 0.9701599155494282}","{"6Ko", 0.19587950303953847, 0.9793975151976924}","{"54s", 0.16469714813942565, 0.9881828888365539}","{"89o", 0.1416558881194973, 0.9915912168364811}","{"6Ao", 0.12495551148902855, 0.9996440919122284}","{"74s", 0.11260870283180624, 1.0134783254862563}","{"J2s", 0.10271666480824598, 1.02716664808246}"
"{"8To", 0.49723906438834614, 0.9944781287766923}","{"6Qo", 0.3224285079947001, 0.9672855239841003}","{"J4s", 0.2398004932175372, 0.9592019728701487}","{"J4s", 0.19429654048958636, 0.9714827024479318}","{"J4s", 0.1645467093386518, 0.9872802560319107}","{"64s", 0.1415806766537942, 0.9910647365765595}","{"8To", 0.1249503352934426, 0.9996026823475408}","{"T5s", 0.11208015556751491, 1.0087214001076341}","{"T5s", 0.10256223440502235, 1.0256223440502235}"
"{"7Jo", 0.49681779659251785, 0.9936355931850357}","{"96s", 0.3214365720392354, 0.9643097161177063}","{"33o", 0.23972461742683995, 0.9588984697073598}","{"75s", 0.19379687601878676, 0.9689843800939337}","{"2Ao", 0.16283178164104223, 0.9769906898462534}","{"22o", 0.14143653522651323, 0.9900557465855926}","{"8Ko", 0.12429856382642349, 0.9943885106113879}","{"J2s", 0.11181858020893012, 1.0063672218803712}","{"5Ao", 0.10126871624869291, 1.0126871624869291}"
"{"4Qo", 0.4912441616613575, 0.982488323322715}","{"3Ko", 0.32087951396336856, 0.9626385418901057}","{"7Qo", 0.23934395024214838, 0.9573758009685935}","{"85s", 0.1902089519887277, 0.9510447599436385}","{"33o", 0.16260502649864578, 0.9756301589918747}","{"8Qo", 0.1413398434165188, 0.9893789039156317}","{"95s", 0.1242299449565533, 0.9938395596524264}","{"43s", 0.11151766188430405, 1.0036589569587364}","{"63s", 0.10063911173431186, 1.0063911173431186}"
"{"97s", 0.4912120807092182, 0.9824241614184364}","{"86s", 0.3194844639943081, 0.9584533919829242}","{"65s", 0.23705892026326056, 0.9482356810530422}","{"33o", 0.19012005042542898, 0.9506002521271449}","{"85s", 0.1625989433593139, 0.9755936601558834}","{"8Jo", 0.1411023034711089, 0.9877161242977622}","{"T5s", 0.12393534563100657, 0.9914827650480526}","{"4Ao", 0.11142789737840882, 1.0028510764056793}","{"T4s", 0.10045491593886809, 1.0045491593886808}"
"{"J4s", 0.49070559895102517, 0.9814111979020503}","{"7Jo", 0.3192734428844337, 0.9578203286533011}","{"4Ko", 0.23580298821131376, 0.943211952845255}","{"J3s", 0.1892405390561168, 0.946202695280584}","{"J3s", 0.16061380233234504, 0.9636828139940703}","{"J3s", 0.14041557936950677, 0.9829090555865474}","{"3Ao", 0.12356307902204308, 0.9885046321763447}","{"8To", 0.11045796751803881, 0.9941217076623493}","{"7Ao", 0.09958663652881534, 0.9958663652881534}"
"{"T6s", 0.4894073446813, 0.9788146893626}","{"76s", 0.3191312827790777, 0.9573938483372331}","{"75s", 0.23446878646085453, 0.9378751458434181}","{"54s", 0.1891719598396876, 0.945859799198438}","{"T5s", 0.15968195364346394, 0.9580917218607836}","{"T5s", 0.13919599348734493, 0.9743719544114146}","{"89o", 0.12326368627448869, 0.9861094901959095}","{"T4s", 0.1097203387568394, 0.9874830488115546}","{"8To", 0.09908157338391335, 0.9908157338391335}"
"{"J3s", 0.4822908943402199, 0.9645817886804398}","{"J4s", 0.31911652457743556, 0.9573495737323067}","{"7Jo", 0.23385388021766151, 0.9354155208706461}","{"5Ko", 0.1887616546634007, 0.9438082733170035}","{"95s", 0.15917304480024186, 0.9550382688014512}","{"95s", 0.13910781405558767, 0.9737546983891137}","{"J2s", 0.12309071566085812, 0.984725725286865}","{"89o", 0.10927068050213076, 0.9834361245191768}","{"T3s", 0.0988501171941066, 0.9885011719410659}"
"{"3Qo", 0.48216681366804764, 0.9643336273360953}","{"5Qo", 0.3130549980641003, 0.9391649941923009}","{"J3s", 0.23339967652171736, 0.9335987060868695}","{"T5s", 0.1885911201498787, 0.9429556007493934}","{"6Ko", 0.15882842412999157, 0.9529705447799495}","{"7Ko", 0.13868316081613788, 0.9707821257129652}","{"74s", 0.12275233636103061, 0.9820186908882449}","{"6Ao", 0.10861819979147644, 0.977563798123288}","{"4Ao", 0.09868561923995664, 0.9868561923995665}"
"{"89o", 0.4809533077854623, 0.9619066155709246}","{"7To", 0.3124452583159848, 0.9373357749479544}","{"T5s", 0.23247729467762854, 0.9299091787105142}","{"95s", 0.187567225340815, 0.9378361267040749}","{"64s", 0.15870075048294785, 0.9522045028976871}","{"2Ao", 0.13763448730934866, 0.9634414111654406}","{"8Jo", 0.12143686008962358, 0.9714948807169886}","{"63s", 0.10834939975795574, 0.9751445978216017}","{"52s", 0.09844909049263195, 0.9844909049263195}"
"{"87s", 0.4793787912493296, 0.9587575824986592}","{"2Ko", 0.31193211091307305, 0.9357963327392191}","{"7To", 0.23230659308237786, 0.9292263723295114}","{"7Qo", 0.1858017841421632, 0.929008920710816}","{"J2s", 0.1568724242447821, 0.9412345454686926}","{"J2s", 0.13753813747070684, 0.9627669622949478}","{"T4s", 0.12124250923888918, 0.9699400739111135}","{"3Ao", 0.10827898730834318, 0.9745108857750886}","{"89o", 0.09835106104600055, 0.9835106104600055}"
"{"7To", 0.4790413992559361, 0.9580827985118722}","{"J3s", 0.3113098598697, 0.9339295796091001}","{"85s", 0.2318639682864051, 0.9274558731456204}","{"J2s", 0.18437098977909042, 0.921854948895452}","{"T4s", 0.1560372980864773, 0.9362237885188638}","{"53s", 0.13748885626926177, 0.9624219938848324}","{"8Qo", 0.12082746141765369, 0.9666196913412295}","{"T3s", 0.10777457539766731, 0.9699711785790058}","{"84s", 0.09822334865224937, 0.9822334865224936}"
"{"6Jo", 0.478463352513392, 0.956926705026784}","{"T5s", 0.3078521406370225, 0.9235564219110675}","{"6Qo", 0.23170173976558064, 0.9268069590623226}","{"T4s", 0.18427638574610944, 0.9213819287305471}","{"22o", 0.1549030234241894, 0.9294181405451365}","{"T4s", 0.1360929890907686, 0.9526509236353803}","{"43s", 0.12064523479775228, 0.9651618783820183}","{"8Ko", 0.1076140072006156, 0.9685260648055405}","{"T2s", 0.0974209849252411, 0.9742098492524109}"
"{"96s", 0.4742716599391039, 0.9485433198782078}","{"79o", 0.3066232814069328, 0.9198698442207984}","{"78o", 0.23056646440448642, 0.9222658576179457}","{"78o", 0.18417321023202374, 0.9208660511601187}","{"74s", 0.15341353226182555, 0.9204811935709534}","{"74s", 0.1357914155607323, 0.9505399089251261}","{"T3s", 0.11884743839551513, 0.9507795071641211}","{"84s", 0.10666573934699639, 0.9599916541229675}","{"3Ao", 0.09600656166697293, 0.9600656166697292}"
"{"J2s", 0.4737823302043049, 0.9475646604086098}","{"22o", 0.30655171215017846, 0.9196551364505354}","{"95s", 0.23040368201721306, 0.9216147280688523}","{"7To", 0.18361143242543176, 0.9180571621271588}","{"53s", 0.15327384285690276, 0.9196430571414166}","{"T3s", 0.1330802672920694, 0.9315618710444857}","{"2Ao", 0.11873610838694432, 0.9498888670955545}","{"8Jo", 0.10626336917428683, 0.9563703225685815}","{"42s", 0.09591230080330822, 0.9591230080330821}"
"{"2Qo", 0.4729982195883106, 0.9459964391766212}","{"78o", 0.3039538996853547, 0.9118616990560641}","{"79o", 0.23034713146193764, 0.9213885258477506}","{"64s", 0.18336104430110742, 0.9168052215055371}","{"5Ko", 0.15291626909409609, 0.9174976145645766}","{"6Ko", 0.13249543100816777, 0.9274680170571744}","{"7Ko", 0.1180634110176277, 0.9445072881410216}","{"T2s", 0.10604441165924061, 0.9543997049331655}","{"6Ao", 0.09560635779975075, 0.9560635779975075}"
"{"T5s", 0.4721745777715353, 0.9443491555430706}","{"4Qo", 0.3037351486227006, 0.9112054458681018}","{"3Ko", 0.22834818323969627, 0.9133927329587851}","{"79o", 0.18299089288861528, 0.9149544644430764}","{"78o", 0.15261079935301622, 0.9156647961180973}","{"43s", 0.1320761954627021, 0.9245333682389147}","{"63s", 0.11768511633877411, 0.9414809307101929}","{"52s", 0.10581315138835218, 0.9523183624951697}","{"94s", 0.09436298947682967, 0.9436298947682966}"
"{"5Jo", 0.4717814574823422, 0.9435629149646844}","{"J2s", 0.3034700690753292, 0.9104102072259876}","{"T4s", 0.22735153494876104, 0.9094061397950441}","{"7Jo", 0.18293002780477696, 0.9146501390238848}","{"T3s", 0.152186753646326, 0.913120521877956}","{"84s", 0.1305518412851904, 0.9138628889963328}","{"84s", 0.11710491953817227, 0.9368393563053782}","{"8Qo", 0.1048743709639059, 0.9438693386751531}","{"8Ko", 0.09429976125877873, 0.9429976125877872}"
"{"T4s", 0.4653019259188925, 0.930603851837785}","{"65s", 0.30266861248724486, 0.9080058374617346}","{"J2s", 0.22709027359956746, 0.9083610943982698}","{"4Ko", 0.18217383157892209, 0.9108691578946104}","{"79o", 0.15077935303668966, 0.9046761182201379}","{"T2s", 0.13031024326302923, 0.9121717028412046}","{"T2s", 0.11667885085746092, 0.9334308068596874}","{"2Ao", 0.1039401617749492, 0.9354614559745429}","{"8Jo", 0.09429711471665225, 0.9429711471665225}"
"{"79o", 0.46295177992494735, 0.9259035598498947}","{"95s", 0.3024230847325754, 0.9072692541977262}","{"54s", 0.22695451741269698, 0.9078180696507879}","{"T3s", 0.17932679289613804, 0.8966339644806902}","{"7To", 0.15060783224641391, 0.9036469934784834}","{"78o", 0.13029100472052207, 0.9120370330436545}","{"52s", 0.11459849375567516, 0.9167879500454013}","{"42s", 0.1030704506055111, 0.9276340554495999}","{"73s", 0.09403270378819492, 0.9403270378819493}"
"{"86s", 0.46240723213617324, 0.9248144642723465}","{"T4s", 0.3018697207676793, 0.905609162303038}","{"5Qo", 0.2234342892903206, 0.8937371571612824}","{"6Qo", 0.17892821025558223, 0.8946410512779112}","{"7Qo", 0.15030508590462582, 0.9018305154277549}","{"63s", 0.1295452082880062, 0.9068164580160434}","{"78o", 0.11398585173286038, 0.9118868138628831}","{"94s", 0.10295908347620521, 0.9266317512858468}","{"93s", 0.09248562492184309, 0.9248562492184309}"
"{"4Jo", 0.46184760903810507, 0.9236952180762101}","{"75s", 0.3011958979887783, 0.903587693966335}","{"64s", 0.2213962113165076, 0.8855848452660304}","{"74s", 0.17873876328847496, 0.8936938164423748}","{"84s", 0.14875189858264357, 0.8925113914958613}","{"79o", 0.12787697357263889, 0.8951388150084723}","{"94s", 0.11363975942540587, 0.909118075403247}","{"7Ko", 0.10204612487072598, 0.9184151238365338}","{"8Qo", 0.09223132221206476, 0.9223132221206476}"
"{"6To", 0.4609096998367273, 0.9218193996734546}","{"85s", 0.3008024527971006, 0.9024073583913018}","{"T3s", 0.2210903624472248, 0.8843614497888992}","{"22o", 0.17728525049225263, 0.8864262524612632}","{"7Jo", 0.14874979325265864, 0.8924987595159518}","{"5Ko", 0.12759405378215374, 0.8931583764750762}","{"6Ko", 0.11281057963571921, 0.9024846370857537}","{"73s", 0.10182367808956996, 0.9164131028061296}","{"78o", 0.09214078090322687, 0.9214078090322687}"
"{"95s", 0.4572320057159106, 0.9144640114318212}","{"6Jo", 0.29805108787424245, 0.8941532636227274}","{"2Ko", 0.2209650916923391, 0.8838603667693564}","{"3Ko", 0.17618955037688755, 0.8809477518844377}","{"T2s", 0.14859185736970607, 0.8915511442182364}","{"94s", 0.12743517821316575, 0.8920462474921602}","{"42s", 0.11155309327247939, 0.8924247461798351}","{"78o", 0.10170530977815674, 0.9153477880034107}","{"2Ao", 0.0920442204781049, 0.920442204781049}"
"{"T3s", 0.4569343951755127, 0.9138687903510254}","{"3Qo", 0.29496355600679625, 0.8848906680203887}","{"22o", 0.219283332363564, 0.877133329454256}","{"53s", 0.17603789762019031, 0.8801894881009515}","{"4Ko", 0.14758887144094532, 0.8855332286456719}","{"7To", 0.1269894475148062, 0.8889261326036434}","{"73s", 0.11135325428995946, 0.8908260343196757}","{"93s", 0.10087690349951034, 0.907892131495593}","{"32s", 0.09165836723441428, 0.9165836723441428}"
"{"76s", 0.45370200139903766, 0.9074040027980753}","{"T3s", 0.2942389793964499, 0.8827169381893496}","{"74s", 0.21760426382395873, 0.8704170552958349}","{"84s", 0.17479910447320615, 0.8739955223660307}","{"43s", 0.14731935350218214, 0.8839161210130928}","{"52s", 0.12561337247785953, 0.8792936073450167}","{"93s", 0.11129244278329525, 0.890339542266362}","{"92s", 0.099084840764725, 0.891763566882525}","{"92s", 0.09099381496644157, 0.9099381496644157}"
"{"3Jo", 0.4527655955182737, 0.9055311910365474}","{"6To", 0.2912696587419748, 0.8738089762259245}","{"4Qo", 0.21567072790030012, 0.8626829116012005}","{"T2s", 0.17461274978597158, 0.8730637489298578}","{"94s", 0.14609871187520887, 0.8765922712512533}","{"7Qo", 0.12496756769642967, 0.8747729738750076}","{"79o", 0.11108125885794842, 0.8886500708635874}","{"32s", 0.09864437415820883, 0.8877993674238794}","{"62s", 0.09042320017650621, 0.904232001765062}"
"{"78o", 0.45049260133760544, 0.9009852026752109}","{"5Jo", 0.2910874810364869, 0.8732624431094607}","{"T2s", 0.2149335841952574, 0.8597343367810296}","{"94s", 0.17273534002341934, 0.8636767001170966}","{"63s", 0.1455460418900935, 0.8732762513405611}","{"93s", 0.12472267254338701, 0.8730587078037091}","{"7To", 0.10949446985393556, 0.8759557588314845}","{"79o", 0.09836820663927309, 0.8853138597534578}","{"7Ko", 0.08931991507425259, 0.8931991507425259}"
"{"T2s", 0.4483659623172317, 0.8967319246344634}","{"54s", 0.29024464328137045, 0.8707339298441114}","{"84s", 0.21459170062980112, 0.8583668025192045}","{"5Qo", 0.17204133053571471, 0.8602066526785735}","{"6Qo", 0.14422576881871343, 0.8653546129122807}","{"7Jo", 0.12430520732533612, 0.8701364512773528}","{"92s", 0.10909035525564409, 0.8727228420451527}","{"62s", 0.09770040199461796, 0.8793036179515616}","{"83s", 0.08931354242730447, 0.8931354242730447}"
"{"85s", 0.4454708492241973, 0.8909416984483945}","{"T2s", 0.2865352201530639, 0.8596056604591916}","{"67o", 0.2140622768587993, 0.8562491074351972}","{"67o", 0.17047228571334883, 0.8523614285667441}","{"93s", 0.14288734280728652, 0.857324056843719}","{"73s", 0.12354478496357357, 0.864813494745015}","{"5Ko", 0.10872285085247685, 0.8697828068198148}","{"6Ko", 0.09756458670872176, 0.8780812803784959}","{"79o", 0.08848122219945423, 0.8848122219945422}"
"{"69o", 0.44490336880653414, 0.8898067376130683}","{"2Qo", 0.28626354591361536, 0.8587906377408461}","{"6Jo", 0.21366213994229782, 0.8546485597691913}","{"2Ko", 0.17042910276601692, 0.8521455138300846}","{"3Ko", 0.14286342893939208, 0.8571805736363525}","{"4Ko", 0.12330290475374588, 0.8631203332762212}","{"67o", 0.10701889460199444, 0.8561511568159555}","{"83s", 0.09719628909842504, 0.8747666018858253}","{"67o", 0.08763052785012981, 0.8763052785012981}"
"{"2Jo", 0.4435078096652872, 0.8870156193305744}","{"69o", 0.28594003370025567, 0.857820101100767}","{"94s", 0.21351211416310698, 0.8540484566524279}","{"43s", 0.16933304507580407, 0.8466652253790203}","{"67o", 0.1415355588177298, 0.8492133529063788}","{"42s", 0.12211015512060264, 0.8547710858442185}","{"83s", 0.10690218611641877, 0.8552174889313502}","{"7To", 0.0961579807723562, 0.8654218269512057}","{"82s", 0.0875469762217191, 0.875469762217191}"
"{"5To", 0.4425240173726884, 0.8850480347453769}","{"64s", 0.28499947172949164, 0.8549984151884749}","{"68o", 0.21216472431943545, 0.8486588972777418}","{"93s", 0.16886261426428734, 0.8443130713214366}","{"52s", 0.1403096903656477, 0.8418581421938862}","{"92s", 0.12197182452607376, 0.8538027716825163}","{"32s", 0.10689109402152369, 0.8551287521721895}","{"67o", 0.09613538933641243, 0.8652185040277118}","{"7To", 0.08572636758017262, 0.8572636758017261}"
"{"94s", 0.4386043942321349, 0.8772087884642698}","{"68o", 0.28422792292762494, 0.8526837687828748}","{"6To", 0.21196202098364286, 0.8478480839345715}","{"63s", 0.1686901154654352, 0.843450577327176}","{"73s", 0.14003338879005048, 0.8402003327403029}","{"67o", 0.12148081687073109, 0.8503657180951176}","{"62s", 0.10647405904222881, 0.8517924723378305}","{"82s", 0.09525780559889359, 0.8573202503900423}","{"6Ko", 0.08545632005082102, 0.8545632005082102}"
"{"75s", 0.43675878372276977, 0.8735175674455395}","{"67o", 0.2841453700704445, 0.8524361102113335}","{"53s", 0.21170586903607205, 0.8468234761442882}","{"68o", 0.16786264050628968, 0.8393132025314485}","{"92s", 0.13931347599419022, 0.8358808559651414}","{"6Qo", 0.11964052914036287, 0.8374837039825401}","{"7Jo", 0.10610029384764308, 0.8488023507811446}","{"5Ko", 0.09410442985754104, 0.8469398687178694}","{"72s", 0.0851952534894345, 0.8519525348943451}"
"{"4To", 0.43503064095433, 0.87006128190866}","{"94s", 0.2836532121825431, 0.8509596365476293}","{"69o", 0.21054866226703514, 0.8421946490681406}","{"4Qo", 0.1656951377192887, 0.8284756885964435}","{"5Qo", 0.1386028278477661, 0.8316169670865965}","{"3Ko", 0.1195778822704609, 0.8370451758932262}","{"7Qo", 0.10607287376233843, 0.8485829900987074}","{"72s", 0.09249976951714993, 0.8324979256543493}","{"56o", 0.084234702299432, 0.84234702299432}"
"{"93s", 0.43265168632537415, 0.8653033726507483}","{"74s", 0.28267307773773387, 0.8480192332132016}","{"93s", 0.2088557524459049, 0.8354230097836196}","{"6To", 0.16494958078113714, 0.8247479039056858}","{"2Ko", 0.13841209952525868, 0.8304725971515521}","{"83s", 0.11936585585165634, 0.8355609909615943}","{"4Ko", 0.10522609316242891, 0.8418087452994313}","{"7Jo", 0.09215956689058359, 0.8294361020152523}","{"68o", 0.08306249826777684, 0.8306249826777684}"
"{"68o", 0.4324059006035717, 0.8648118012071434}","{"4Jo", 0.28207225748414605, 0.8462167724524381}","{"3Qo", 0.20836149451780805, 0.8334459780712322}","{"69o", 0.16494376417987117, 0.8247188208993559}","{"68o", 0.13836211796616377, 0.8301727077969826}","{"68o", 0.11782760097777381, 0.8247932068444167}","{"82s", 0.10472785255167841, 0.8378228204134273}","{"56o", 0.09194457705559908, 0.8275011935003918}","{"5Ko", 0.08248828301089424, 0.8248828301089424}"
"{"65s", 0.4313571304390232, 0.8627142608780464}","{"84s", 0.2819159130163168, 0.8457477390489504}","{"5Jo", 0.2072835509656088, 0.8291342038624352}","{"6Jo", 0.164650985783599, 0.8232549289179949}","{"83s", 0.13624659790150295, 0.8174795874090177}","{"62s", 0.11756529445719988, 0.8229570612003991}","{"68o", 0.10294676067694868, 0.8235740854155894}","{"68o", 0.09177356598769669, 0.8259620938892702}","{"45o", 0.08200847748175212, 0.8200847748175212}"
"{"84s", 0.42702253451171296, 0.8540450690234259}","{"93s", 0.27826183725750875, 0.8347855117725262}","{"63s", 0.20483998874688011, 0.8193599549875205}","{"92s", 0.16418160034632512, 0.8209080017316256}","{"42s", 0.13613143112977621, 0.8167885867786573}","{"32s", 0.11708702661539654, 0.8196091863077758}","{"3Ko", 0.1022689392107843, 0.8181515136862744}","{"7Qo", 0.09152931680368015, 0.8237638512331213}","{"7Jo", 0.08120756996211538, 0.8120756996211538}"
"{"59o", 0.42671926845811764, 0.8534385369162353}","{"3Jo", 0.27344960812171876, 0.8203488243651562}","{"43s", 0.2040376398103809, 0.8161505592415236}","{"73s", 0.16381626933038518, 0.8190813466519259}","{"69o", 0.1345460731382466, 0.8072764388294795}","{"82s", 0.1168542392490426, 0.8179796747432982}","{"56o", 0.10170044220996274, 0.813603537679702}","{"4Ko", 0.09124553717500693, 0.8212098345750624}","{"4Ko", 0.08015745148222532, 0.8015745148222532}"
"{"3To", 0.42600250379996896, 0.8520050075999379}","{"53s", 0.27283940991392897, 0.8185182297417869}","{"92s", 0.20274634774245645, 0.8109853909698258}","{"52s", 0.1615794661882094, 0.807897330941047}","{"6To", 0.13372512683641205, 0.8023507610184724}","{"2Ko", 0.11610472028638566, 0.8127330420046996}","{"6Qo", 0.1013967135533837, 0.8111737084270696}","{"45o", 0.0891994757934322, 0.8027952821408898}","{"7Qo", 0.08007362140373327, 0.8007362140373326}"
"{"92s", 0.42411921143826853, 0.8482384228765371}","{"5To", 0.27081426153752486, 0.8124427846125746}","{"2Qo", 0.20126487015018066, 0.8050594806007226}","{"83s", 0.1605644525081017, 0.8028222625405085}","{"4Qo", 0.13348045970986386, 0.8008827582591831}","{"5Qo", 0.11506384774341732, 0.8054469342039212}","{"72s", 0.10137641861752025, 0.811011348940162}","{"3Ko", 0.088888974359302, 0.800000769233718}","{"57o", 0.0790961293423726, 0.790961293423726}"
"{"67o", 0.42325217177839347, 0.8465043435567869}","{"92s", 0.2706364264877716, 0.8119092794633147}","{"73s", 0.20075822050495698, 0.8030328820198279}","{"3Qo", 0.15989520985067576, 0.7994760492533788}","{"82s", 0.1332522074203237, 0.7995132445219422}","{"56o", 0.11461701485399067, 0.8023191039779347}","{"2Ko", 0.0995523620446031, 0.7964188963568248}","{"6Qo", 0.0874156935460152, 0.7867412419141367}","{"3Ko", 0.07825845782107156, 0.7825845782107156}"
"{"74s", 0.4185156140218277, 0.8370312280436554}","{"56o", 0.26667383724436255, 0.8000215117330877}","{"4Jo", 0.19977130966181125, 0.799085238647245}","{"5Jo", 0.1590979166771515, 0.7954895833857576}","{"56o", 0.1325863415725751, 0.7955180494354506}","{"69o", 0.11322978470880198, 0.7926084929616138}","{"45o", 0.09818021490518308, 0.7854417192414647}","{"57o", 0.08690384268859032, 0.7821345841973129}","{"69o", 0.07696811907091736, 0.7696811907091736}"
"{"2To", 0.4166766862836801, 0.8333533725673602}","{"63s", 0.2666302566929864, 0.7998907700789593}","{"56o", 0.19956393572179099, 0.7982557428871639}","{"56o", 0.15889510787752983, 0.7944755393876491}","{"62s", 0.13247735581665046, 0.7948641348999028}","{"72s", 0.11265108184796743, 0.788557572935772}","{"69o", 0.09772305376212974, 0.7817844300970379}","{"2Ko", 0.08673931189225645, 0.7806538070303081}","{"2Ko", 0.07654039505192926, 0.7654039505192927}"
"{"54s", 0.4145436532451177, 0.8290873064902354}","{"59o", 0.26551723905006075, 0.7965517171501822}","{"83s", 0.19824793097861237, 0.7929917239144495}","{"82s", 0.15688858597720706, 0.7844429298860354}","{"6Jo", 0.13242265749599777, 0.7945359449759866}","{"6To", 0.11168280017036616, 0.7817796011925632}","{"5Qo", 0.09763660207513726, 0.7810928166010981}","{"69o", 0.08603560509584328, 0.7743204458625895}","{"6Qo", 0.07642117598195472, 0.7642117598195473}"
"{"58o", 0.41427058546431983, 0.8285411709286397}","{"2Jo", 0.2648676354499537, 0.794602906349861}","{"57o", 0.19656190034555313, 0.7862476013822125}","{"42s", 0.1564454897783277, 0.7822274488916385}","{"32s", 0.130576714450684, 0.7834602867041041}","{"4Qo", 0.11093100767103153, 0.7765170536972208}","{"57o", 0.0968499180304483, 0.7747993442435864}","{"5Qo", 0.08426330587749825, 0.7583697528974842}","{"46o", 0.0755411450391506, 0.755411450391506}"
"{"64s", 0.4133252080579108, 0.8266504161158216}","{"57o", 0.26485626642951887, 0.7945687992885566}","{"52s", 0.19529478451722698, 0.7811791380689079}","{"57o", 0.1552779004069986, 0.776389502034993}","{"3Qo", 0.1289155590516997, 0.7734933543101983}","{"57o", 0.11005727761415848, 0.7704009432991094}","{"6To", 0.09548115726904595, 0.7638492581523676}","{"6To", 0.08318947352432085, 0.7487052617188876}","{"5Qo", 0.07372936976477257, 0.7372936976477257}"
"{"83s", 0.4087641132018059, 0.8175282264036118}","{"4To", 0.2642667518418417, 0.792800255525525}","{"82s", 0.19372530483176595, 0.7749012193270638}","{"2Qo", 0.1543185222346838, 0.771592611173419}","{"57o", 0.1284434227211395, 0.7706605363268371}","{"45o", 0.10997077080086115, 0.769795395606028}","{"4Qo", 0.0942799017269766, 0.7542392138158128}","{"46o", 0.0825907502095937, 0.7433167518863433}","{"6To", 0.07358658747446326, 0.7358658747446325}"
"{"49o", 0.40669143939446106, 0.8133828787889221}","{"43s", 0.26424665828681143, 0.7927399748604342}","{"58o", 0.19336788590210574, 0.773471543608423}","{"62s", 0.1541107313234124, 0.7705536566170621}","{"72s", 0.1278644114234807, 0.7671864685408842}","{"6Jo", 0.10971926859958034, 0.7680348801970623}","{"6Jo", 0.09299289465577577, 0.7439431572462062}","{"4Qo", 0.08154060613523814, 0.7338654552171433}","{"35o", 0.07347805533410595, 0.7347805533410595}"
"{"57o", 0.40509787267043207, 0.8101957453408641}","{"58o", 0.26410860042687095, 0.7923258012806129}","{"5To", 0.19296214101596323, 0.7718485640638529}","{"4Jo", 0.15300713082093106, 0.7650356541046553}","{"5Jo", 0.12770268682808467, 0.766216120968508}","{"3Qo", 0.10735384815006753, 0.7514769370504727}","{"46o", 0.0914931918245435, 0.731945534596348}","{"6Jo", 0.08026074393723072, 0.7223466954350765}","{"58o", 0.07214197021580174, 0.7214197021580173}"
"{"82s", 0.4027267978357598, 0.8054535956715196}","{"73s", 0.2640710188592277, 0.792213056577683}","{"3Jo", 0.19259344834047473, 0.7703737933618989}","{"58o", 0.15104064846675683, 0.7552032423337841}","{"45o", 0.12633985086734534, 0.758039105204072}","{"5Jo", 0.10570109511415157, 0.739907665799061}","{"3Qo", 0.09146388607536114, 0.7317110886028891}","{"58o", 0.08020477183163155, 0.721842946484684}","{"4Qo", 0.0715036783305922, 0.7150367833059219}"
"{"73s", 0.40035602090136474, 0.8007120418027295}","{"83s", 0.2635162301552129, 0.7905486904656387}","{"59o", 0.19135875116861598, 0.7654350046744639}","{"45o", 0.15052330227132296, 0.7526165113566148}","{"2Qo", 0.1246044765389447, 0.7476268592336682}","{"58o", 0.10428907008528117, 0.7300234905969681}","{"58o", 0.090536211540449, 0.724289692323592}","{"35o", 0.08006066582765015, 0.7205459924488513}","{"6Jo", 0.07029327687810452, 0.7029327687810452}"
"{"39o", 0.4001483168858704, 0.8002966337717408}","{"82s", 0.2581838250111039, 0.7745514750333116}","{"42s", 0.18893620942292025, 0.755744837691681}","{"32s", 0.15011823274773037, 0.7505911637386519}","{"58o", 0.12336451739761294, 0.7401871043856776}","{"2Qo", 0.10400617507166496, 0.7280432255016547}","{"5Jo", 0.08950711305409956, 0.7160569044327965}","{"3Qo", 0.07930218109018833, 0.713719629811695}","{"3Qo", 0.06970536465396973, 0.6970536465396973}"
"{"56o", 0.3995045437831, 0.7990090875662}","{"3To", 0.2558519887697973, 0.7675559663093919}","{"45o", 0.18866724377995947, 0.7546689751198379}","{"72s", 0.14991413422617356, 0.7495706711308678}","{"4Jo", 0.12280434692161694, 0.7368260815297016}","{"46o", 0.10327724303755129, 0.722940701262859}","{"2Qo", 0.08885758717178607, 0.7108606973742886}","{"2Qo", 0.07723594134175546, 0.6951234720757992}","{"34o", 0.0686353775319142, 0.686353775319142}"
"{"53s", 0.396947118844038, 0.793894237688076}","{"52s", 0.2544781594989026, 0.7634344784967079}","{"62s", 0.1882948305845114, 0.7531793223380456}","{"5To", 0.14808891133924723, 0.7404445566962361}","{"46o", 0.11975042363352105, 0.7185025418011263}","{"4Jo", 0.1017506765324634, 0.7122547357272438}","{"35o", 0.08825185838717925, 0.706014867097434}","{"5Jo", 0.07719508350424141, 0.6947557515381727}","{"47o", 0.06821166821401996, 0.6821166821401996}"
"{"63s", 0.395331020900371, 0.790662041800742}","{"45o", 0.2533591906709148, 0.7600775720127444}","{"4To", 0.18725210154681132, 0.7490084061872453}","{"59o", 0.14770415337393583, 0.7385207668696792}","{"59o", 0.11911116808148797, 0.7146670084889278}","{"59o", 0.09927106827878612, 0.6948974779515029}","{"4Jo", 0.08632222228305472, 0.6905777782644378}","{"47o", 0.07539536113306726, 0.6785582501976053}","{"2Qo", 0.06804931564594649, 0.680493156459465}"
"{"48o", 0.3944545411766068, 0.7889090823532136}","{"62s", 0.24811310742185652, 0.7443393222655695}","{"2Jo", 0.185609024804909, 0.742436099219636}","{"3Jo", 0.1473041569764907, 0.7365207848824535}","{"5To", 0.11885436260980534, 0.7131261756588321}","{"35o", 0.09898251147553472, 0.692877580328743}","{"59o", 0.08488583455642952, 0.6790866764514362}","{"34o", 0.07500689048565942, 0.6750620143709348}","{"5Jo", 0.06754477727211544, 0.6754477727211544}"
"{"29o", 0.3909532463073534, 0.7819064926147068}","{"46o", 0.24757114760331783, 0.7427134428099536}","{"72s", 0.18467450393333074, 0.7386980157333229}","{"46o", 0.14416266624622107, 0.7208133312311054}","{"3Jo", 0.11834037034056173, 0.7100422220433704}","{"5To", 0.09847936999950259, 0.6893555899965181}","{"47o", 0.08455359661588965, 0.6764287729271172}","{"4Jo", 0.07459785798164975, 0.6713807218348478}","{"59o", 0.06565545680978804, 0.6565545680978804}"
"{"43s", 0.3863701597593799, 0.7727403195187598}","{"2To", 0.2473695625369697, 0.7421086876109091}","{"46o", 0.18257507639429937, 0.7303003055771975}","{"4To", 0.14320886636724564, 0.7160443318362282}","{"4To", 0.11471305553349512, 0.6882783332009708}","{"3Jo", 0.09825788193348502, 0.6878051735343951}","{"5To", 0.08360526441495017, 0.6688421153196014}","{"59o", 0.07406240248308806, 0.6665616223477925}","{"4Jo", 0.06542210390317947, 0.6542210390317947}"
"{"47o", 0.38548716197632515, 0.7709743239526503}","{"42s", 0.24679828499114945, 0.7403948549734484}","{"32s", 0.18157135096775112, 0.7262854038710045}","{"2Jo", 0.14184676061258364, 0.7092338030629182}","{"2Jo", 0.11414638317187034, 0.6848782990312221}","{"47o", 0.09673251972684369, 0.6771276380879058}","{"3Jo", 0.08358076337122472, 0.6686461069697978}","{"3Jo", 0.07240645973804855, 0.6516581376424369}","{"36o", 0.0647643264721181, 0.6476432647211811}"
"{"72s", 0.38154919030568957, 0.7630983806113791}","{"72s", 0.2457250462808082, 0.7371751388424246}","{"3To", 0.18028586328324694, 0.7211434531329878}","{"47o", 0.13889575810801746, 0.6944787905400873}","{"35o", 0.1139355258518221, 0.6836131551109326}","{"2Jo", 0.09503350775111029, 0.665234554257772}","{"34o", 0.08291690768335915, 0.6633352614668732}","{"5To", 0.07234834794803414, 0.6511351315323073}","{"3Jo", 0.06364587214298964, 0.6364587214298965}"
"{"45o", 0.38154362405192316, 0.7630872481038463}","{"49o", 0.24520504743893548, 0.7356151423168065}","{"47o", 0.17818364643925189, 0.7127345857570075}","{"3To", 0.1376656947239445, 0.6883284736197225}","{"47o", 0.11376566706969098, 0.6825940024181458}","{"4To", 0.09495072676907768, 0.6646550873835437}","{"2Jo", 0.08106398944537034, 0.6485119155629627}","{"36o", 0.07124112833524882, 0.6411701550172393}","{"5To", 0.06353634979772582, 0.6353634979772582}"
"{"46o", 0.38009420856095766, 0.7601884171219153}","{"47o", 0.24480331480109635, 0.734409944403289}","{"48o", 0.1746658434255337, 0.6986633737021348}","{"35o", 0.1362517936917471, 0.6812589684587355}","{"3To", 0.11037912427235645, 0.6622747456341387}","{"34o", 0.09324754528061979, 0.6527328169643385}","{"4To", 0.08056495575658452, 0.6445196460526762}","{"2Jo", 0.07042443642866099, 0.6338199278579489}","{"25o", 0.06280592731246261, 0.6280592731246261}"
"{"52s", 0.3785354105737244, 0.7570708211474488}","{"48o", 0.24373238221450205, 0.7311971466435061}","{"2To", 0.17336995077470055, 0.6934798030988022}","{"48o", 0.13430424664083482, 0.6715212332041741}","{"48o", 0.10833927744956494, 0.6500356646973896}","{"3To", 0.09155605564035296, 0.6408923894824707}","{"36o", 0.07941061711990008, 0.6352849369592006}","{"4To", 0.06968645133053505, 0.6271780619748155}","{"2Jo", 0.06205009436388514, 0.6205009436388513}"
"{"62s", 0.37670561355898263, 0.7534112271179653}","{"39o", 0.23915717812261192, 0.7174715343678357}","{"49o", 0.1729875006420975, 0.69195000256839}","{"2To", 0.13231357576774275, 0.6615678788387137}","{"34o", 0.10761076850638325, 0.6456646110382995}","{"48o", 0.09062135438112037, 0.6343494806678426}","{"48o", 0.07791805696111205, 0.6233444556888964}","{"25o", 0.0688558313503812, 0.6197024821534308}","{"4To", 0.0611936302499065, 0.6119363024990649}"
"{"38o", 0.3748510679777206, 0.7497021359554412}","{"32s", 0.23837137479248996, 0.7151141243774699}","{"35o", 0.1721188589782998, 0.6884754359131992}","{"49o", 0.13150932863907944, 0.6575466431953971}","{"2To", 0.10628892123244287, 0.6377335273946572}","{"36o", 0.0902523922245249, 0.6317667455716743}","{"3To", 0.07788237807012031, 0.6230590245609625}","{"48o", 0.0683948878051326, 0.6155539902461934}","{"48o", 0.06097678820488865, 0.6097678820488865}"
"{"42s", 0.3682995993988249, 0.7365991987976498}","{"35o", 0.23455134476765538, 0.7036540343029661}","{"39o", 0.16767774938787078, 0.6707109975514831}","{"34o", 0.12912669650005426, 0.6456334825002713}","{"36o", 0.1054602690877103, 0.6327616145262618}","{"2To", 0.08841700015878506, 0.6189190011114954}","{"25o", 0.07638593432078551, 0.6110874745662841}","{"3To", 0.06754129870853111, 0.60787168837678}","{"24o", 0.06031875108697576, 0.6031875108697575}"
"{"28o", 0.3682508338550135, 0.736501667710027}","{"29o", 0.23086418652839397, 0.6925925595851818}","{"36o", 0.16456351470718578, 0.6582540588287431}","{"36o", 0.12820118224315913, 0.6410059112157956}","{"49o", 0.10485185837686653, 0.6291111502611992}","{"49o", 0.08656947149375674, 0.6059863004562972}","{"2To", 0.07543730192968355, 0.6034984154374684}","{"24o", 0.06611851618775835, 0.5950666456898251}","{"3To", 0.05944220556972835, 0.5944220556972836}"
"{"37o", 0.3660050138781957, 0.7320100277563913}","{"36o", 0.22769445813454606, 0.6830833744036382}","{"34o", 0.1639704050852767, 0.6558816203411068}","{"39o", 0.12705915741216722, 0.6352957870608361}","{"39o", 0.10114877205956778, 0.6068926323574066}","{"25o", 0.08622335800562941, 0.6035635060394059}","{"49o", 0.07342111678001018, 0.5873689342400814}","{"2To", 0.06560086309233608, 0.5904077678310247}","{"2To", 0.05786678592732833, 0.5786678592732832}"
"{"35o", 0.3626697553696705, 0.725339510739341}","{"34o", 0.2254743578969791, 0.6764230736909372}","{"29o", 0.1609695218995261, 0.6438780875981044}","{"37o", 0.12269782357028505, 0.6134891178514252}","{"25o", 0.09994419112113039, 0.5996651467267823}","{"37o", 0.08348558338438908, 0.5843990836907236}","{"24o", 0.07327590431255766, 0.5862072345004613}","{"37o", 0.06382902120870138, 0.5744611908783124}","{"37o", 0.05721032975100148, 0.5721032975100148}"
"{"36o", 0.36075882720622676, 0.7215176544124535}","{"37o", 0.22468947174439416, 0.6740684152331825}","{"37o", 0.15993908016631989, 0.6397563206652795}","{"29o", 0.1218591177891386, 0.609295588945693}","{"37o", 0.09924292202006166, 0.5954575321203699}","{"39o", 0.08345410990353559, 0.5841787693247491}","{"37o", 0.07225180812266105, 0.5780144649812884}","{"49o", 0.06356282616433727, 0.5720654354790354}","{"49o", 0.05589972162256537, 0.5589972162256537}"
"{"32s", 0.35985708357182256, 0.7197141671436451}","{"38o", 0.223869276734026, 0.671607830202078}","{"38o", 0.156904284132294, 0.627617136529176}","{"25o", 0.12060136674433052, 0.6030068337216525}","{"29o", 0.09716448308930735, 0.5829868985358441}","{"24o", 0.08257870773689537, 0.5780509541582676}","{"39o", 0.07075535400275743, 0.5660428320220594}","{"23o", 0.06127784146370962, 0.5515005731733865}","{"23o", 0.055672228699027444, 0.5567222869902745}"
"{"34o", 0.3514697887187839, 0.7029395774375679}","{"28o", 0.21789610873993864, 0.6536883262198159}","{"25o", 0.15435382816940535, 0.6174153126776214}","{"38o", 0.11878695190813472, 0.5939347595406737}","{"24o", 0.09555647191483994, 0.5733388314890396}","{"29o", 0.08038035748225228, 0.562662502375766}","{"29o", 0.06833801598352665, 0.5467041278682132}","{"39o", 0.061245284018663054, 0.5512075561679675}","{"26o", 0.053955473898673334, 0.5395547389867333}"
"{"27o", 0.34582203761874236, 0.6916440752374847}","{"25o", 0.21471928518953984, 0.6441578555686195}","{"28o", 0.15179797969512612, 0.6071919187805045}","{"24o", 0.115174375717273, 0.575871878586365}","{"38o", 0.09473860655102889, 0.5684316393061734}","{"38o", 0.07850525368976302, 0.5495367758283412}","{"23o", 0.06816156671256465, 0.5452925337005172}","{"26o", 0.05992696725950871, 0.5393427053355784}","{"39o", 0.0538431750887101, 0.538431750887101}"
"{"25o", 0.3428611847642724, 0.6857223695285448}","{"26o", 0.20770401406492223, 0.6231120421947667}","{"24o", 0.14759808259927013, 0.5903923303970805}","{"28o", 0.11462889940911292, 0.5731444970455646}","{"26o", 0.09134694172235394, 0.5480816503341237}","{"26o", 0.07737437104222301, 0.5416205972955611}","{"26o", 0.06743730711919739, 0.5394984569535791}","{"29o", 0.0592943256345912, 0.5336489307113208}","{"29o", 0.05223502834379767, 0.5223502834379766}"
"{"26o", 0.34078533342569156, 0.6815706668513831}","{"24o", 0.20658995732726548, 0.6197698719817964}","{"26o", 0.14665563247188065, 0.5866225298875226}","{"26o", 0.1124068697969807, 0.5620343489849035}","{"28o", 0.09131755892851261, 0.5479053535710756}","{"23o", 0.07708739236661112, 0.5396117465662779}","{"38o", 0.06691794994013632, 0.5353435995210906}","{"38o", 0.058249381576778406, 0.5242444341910056}","{"38o", 0.05148469974216154, 0.5148469974216154}"
"{"24o", 0.3319947490892789, 0.6639894981785578}","{"27o", 0.204911743567353, 0.614735230702059}","{"27o", 0.1424917560378119, 0.5699670241512476}","{"23o", 0.10828944607622452, 0.5414472303811226}","{"23o", 0.08948853403243795, 0.5369312041946277}","{"28o", 0.07564495619779862, 0.5295146933845903}","{"28o", 0.06446831486197095, 0.5157465188957676}","{"28o", 0.05609899570569152, 0.5048909613512237}","{"28o", 0.0495470355114232, 0.495470355114232}"
"{"23o", 0.32304151294746813, 0.6460830258949363}","{"23o", 0.19756214934779273, 0.5926864480433782}","{"23o", 0.13964735803873604, 0.5585894321549442}","{"27o", 0.10759410546115125, 0.5379705273057562}","{"27o", 0.08604945523338545, 0.5162967314003126}","{"27o", 0.07172539883074974, 0.5020777918152481}","{"27o", 0.06154871722468149, 0.49238973779745193}","{"27o", 0.0538967205088573, 0.4850704845797157}","{"27o", 0.047871686244635454, 0.47871686244635453}"